{
  "n_proteins": 2810,
  "n_matched": 2810,
  "s5_stats": {
    "min": 0.3152,
    "max": 1.0,
    "mean": 0.7182,
    "median": 0.7129
  },
  "correlations": {
    "composite": {
      "pearson_r": -0.2549,
      "pearson_p": 6.270483823265635e-43,
      "spearman_rho": -0.2619,
      "spearman_p": 2.7407732631119053e-45
    },
    "metaphor_density": {
      "pearson_r": -0.2175,
      "pearson_p": 1.8805664629068896e-31,
      "spearman_rho": -0.2294,
      "spearman_p": 7.32375662847781e-35
    },
    "analytical_density": {
      "pearson_r": 0.1325,
      "pearson_p": 1.7941575579990525e-12,
      "spearman_rho": 0.1369,
      "spearman_p": 3.161608516863609e-13
    },
    "register_ratio": {
      "pearson_r": -0.2126,
      "pearson_p": 4.309122823164666e-30,
      "spearman_rho": -0.2223,
      "spearman_p": 8.416956117478645e-33
    },
    "ttr": {
      "pearson_r": 0.1387,
      "pearson_p": 1.4995596709026916e-13,
      "spearman_rho": 0.1359,
      "spearman_p": 4.596842171473559e-13
    }
  },
  "quadrant_counts": {
    "High S5 / High Register (poetic boundary)": 569,
    "High S5 / Low Register (analytical boundary)": 836,
    "Low S5 / High Register (poetic cluster)": 836,
    "Low S5 / Low Register (analytical cluster)": 569
  },
  "cohens_d": -0.7179
}